INSERT INTO province VALUES ('Ancona', 1, 'AN');
INSERT INTO province VALUES ('Macerata', 1, 'MC');
INSERT INTO province VALUES ('Pesaro Urbino', 1, 'PU');
INSERT INTO province VALUES ('Ascoli Piceno', 1, 'AP');
INSERT INTO province VALUES ('Alessandria', 13, 'AL');
INSERT INTO province VALUES ('Asti', 13, 'AT');
INSERT INTO province VALUES ('Biella', 13, 'BI');
INSERT INTO province VALUES ('Cuneo', 13, 'CN');
INSERT INTO province VALUES ('Novara', 13, 'NO');
INSERT INTO province VALUES ('Vercelli', 13, 'VC');
INSERT INTO province VALUES ('Torino', 13, 'TO');
INSERT INTO province VALUES ('Agrigento', 11, 'AG');
INSERT INTO province VALUES ('Caltanissetta', 11, 'CL');
INSERT INTO province VALUES ('Catania', 11, 'CT');
INSERT INTO province VALUES ('Enna', 11, 'EN');
INSERT INTO province VALUES ('Messina', 11, 'ME');
INSERT INTO province VALUES ('Palermo', 11, 'PA');
INSERT INTO province VALUES ('Ragusa', 11, 'RG');
INSERT INTO province VALUES ('Siracusa', 11, 'SR');
INSERT INTO province VALUES ('Trapani', 11, 'TP');
INSERT INTO province VALUES ('Catanzaro', 7, 'CZ');
INSERT INTO province VALUES ('Cosenza', 7, 'CS');
INSERT INTO province VALUES ('Crotone', 7, 'KR');
INSERT INTO province VALUES ('Reggio Calabria', 7, 'RC');
INSERT INTO province VALUES ('Vibo Valentia', 7, 'VV');
INSERT INTO province VALUES ('Verbania', 13, 'VB');
INSERT INTO province VALUES ('Matera', 3, 'MT');
INSERT INTO province VALUES ('Potenza', 3, 'PZ');
INSERT INTO province VALUES ('Bari', 6, 'BA');
INSERT INTO province VALUES ('Brindisi', 6, 'BR');
INSERT INTO province VALUES ('Foggia', 6, 'FG');
INSERT INTO province VALUES ('Lecce', 6, 'LE');
INSERT INTO province VALUES ('Taranto', 6, 'TA');
INSERT INTO province VALUES ('Avellino', 8, 'AV');
INSERT INTO province VALUES ('Benevento', 8, 'BN');
INSERT INTO province VALUES ('Caserta', 8, 'CE');
INSERT INTO province VALUES ('Napoli', 8, 'NA');
INSERT INTO province VALUES ('Salerno', 8, 'SA');
INSERT INTO province VALUES ('Frosinone', 9, 'FR');
INSERT INTO province VALUES ('Latina', 9, 'LT');
INSERT INTO province VALUES ('Rieti', 9, 'RI');
INSERT INTO province VALUES ('Roma', 9, 'RM');
INSERT INTO province VALUES ('Viterbo', 9, 'VT');
INSERT INTO province VALUES ('Chieti', 2, 'CH');
INSERT INTO province VALUES ('L''Aquila', 2, 'AQ');
INSERT INTO province VALUES ('Pescara', 2, 'PE');
INSERT INTO province VALUES ('Teramo', 2, 'TE');
INSERT INTO province VALUES ('Arezzo', 12, 'AR');
INSERT INTO province VALUES ('Firenze', 12, 'FI');
INSERT INTO province VALUES ('Grosseto', 12, 'GR');
INSERT INTO province VALUES ('Livorno', 12, 'LI');
INSERT INTO province VALUES ('Lucca', 12, 'LU');
INSERT INTO province VALUES ('Massa Carrara', 12, 'MS');
INSERT INTO province VALUES ('Pisa', 12, 'PI');
INSERT INTO province VALUES ('Pistoia', 12, 'PT');
INSERT INTO province VALUES ('Siena', 12, 'SI');
INSERT INTO province VALUES ('Bologna', 14, 'BO');
INSERT INTO province VALUES ('Ferrara', 14, 'FE');
INSERT INTO province VALUES ('Forlì Cesena', 14, 'FC');
INSERT INTO province VALUES ('Modena', 14, 'MO');
INSERT INTO province VALUES ('Parma', 14, 'PR');
INSERT INTO province VALUES ('Piacenza', 14, 'PC');
INSERT INTO province VALUES ('Ravenna', 14, 'RA');
INSERT INTO province VALUES ('Reggio Emilia', 14, 'RE');
INSERT INTO province VALUES ('Rimini', 14, 'RN');
INSERT INTO province VALUES ('Belluno', 17, 'BL');
INSERT INTO province VALUES ('Padova', 17, 'PD');
INSERT INTO province VALUES ('Rovigo', 17, 'RO');
INSERT INTO province VALUES ('Treviso', 17, 'TV');
INSERT INTO province VALUES ('Venezia', 17, 'VE');
INSERT INTO province VALUES ('Verona', 17, 'VR');
INSERT INTO province VALUES ('Vicenza', 17, 'VI');
INSERT INTO province VALUES ('Gorizia', 15, 'GO');
INSERT INTO province VALUES ('Pordenone', 15, 'PN');
INSERT INTO province VALUES ('Udine', 15, 'UD');
INSERT INTO province VALUES ('Trieste', 15, 'TS');
INSERT INTO province VALUES ('Aosta', 16, 'AO');
INSERT INTO province VALUES ('Cagliari', 10, 'CA');
INSERT INTO province VALUES ('Nuoro', 10, 'NU');
INSERT INTO province VALUES ('Oristano', 10, 'OR');
INSERT INTO province VALUES ('Sassari', 10, 'SS');
INSERT INTO province VALUES ('Genova', 18, 'GE');
INSERT INTO province VALUES ('Imperia', 18, 'IM');
INSERT INTO province VALUES ('Savona', 18, 'SV');
INSERT INTO province VALUES ('La Spezia', 18, 'SP');
INSERT INTO province VALUES ('Isernia', 4, 'IS');
INSERT INTO province VALUES ('Campobasso', 4, 'CB');
INSERT INTO province VALUES ('Perugia', 20, 'PG');
INSERT INTO province VALUES ('Terni', 20, 'TR');
INSERT INTO province VALUES ('Bergamo', 19, 'BG');
INSERT INTO province VALUES ('Brescia', 19, 'BS');
INSERT INTO province VALUES ('Como', 19, 'CO');
INSERT INTO province VALUES ('Cremona', 19, 'CR');
INSERT INTO province VALUES ('Lecco', 19, 'LC');
INSERT INTO province VALUES ('Lodi', 19, 'LO');
INSERT INTO province VALUES ('Mantova', 19, 'MN');
INSERT INTO province VALUES ('Milano', 19, 'MI');
INSERT INTO province VALUES ('Pavia', 19, 'PV');
INSERT INTO province VALUES ('Sondrio', 19, 'SO');
INSERT INTO province VALUES ('Varese', 19, 'VA');
INSERT INTO province VALUES ('Trento', 5, 'TN');
INSERT INTO province VALUES ('Bolzano', 5, 'BZ');
INSERT INTO province VALUES ('Prato', 12, 'PO');
INSERT INTO province VALUES ('Carbonia Iglesias', 10, 'CI');
INSERT INTO province VALUES ('Medio Campidano', 10, 'VS');
INSERT INTO province VALUES ('Ogliastra', 10, 'OG');
INSERT INTO province VALUES ('Olbia Tempio', 10, 'OT');


INSERT INTO centrivaccinali VALUES('malpensa fiere', 'HUB', 'VIA', 'XI Settembre', '16', 'Busto Arsizio', 'VA', 21052);
CREATE TABLE vaccinati_malpensa_fiere (nomecittadino varchar(50), cognomecittadino varchar(50), codicefiscale varchar(50), data DATE, vaccino varchar(20), idvaccinazione SMALLINT, PRIMARY KEY(codicefiscale), FOREIGN KEY(idvaccinazione) REFERENCES idunivoci(idvaccinazione), FOREIGN KEY(codicefiscale) REFERENCES idunivoci(codicefiscale));

INSERT INTO centrivaccinali VALUES('lariofiere', 'HUB', 'VIALE', 'Resegone', '9', 'Erba', 'CO', 22036);
CREATE TABLE vaccinati_lariofiere(nomecittadino varchar(50), cognomecittadino varchar(50), codicefiscale varchar(50), data DATE, vaccino varchar(20), idvaccinazione SMALLINT, PRIMARY KEY(codicefiscale), FOREIGN KEY(idvaccinazione) REFERENCES idunivoci(idvaccinazione), FOREIGN KEY(codicefiscale) REFERENCES idunivoci(codicefiscale));

INSERT INTO centrivaccinali VALUES('asst sette laghi', 'OSPEDALIERO', 'VIA', 'Bordini', '9/A', 'Angera', 'VA', 21021);
CREATE TABLE vaccinati_asst_sette_laghi (nomecittadino varchar(50), cognomecittadino varchar(50), codicefiscale varchar(50), data DATE, vaccino varchar(20), idvaccinazione SMALLINT, PRIMARY KEY(codicefiscale), FOREIGN KEY(idvaccinazione) REFERENCES idunivoci(idvaccinazione), FOREIGN KEY(codicefiscale) REFERENCES idunivoci(codicefiscale));

INSERT INTO centrivaccinali VALUES('rancio valcuvia', 'AZIENDALE', 'VIA', 'Provinciale', '13', 'Cuveglio', 'VA', 21030);
CREATE TABLE vaccinati_rancio_valcuvia (nomecittadino varchar(50), cognomecittadino varchar(50), codicefiscale varchar(50), data DATE, vaccino varchar(20), idvaccinazione SMALLINT, PRIMARY KEY(codicefiscale), FOREIGN KEY(idvaccinazione) REFERENCES idunivoci(idvaccinazione), FOREIGN KEY(codicefiscale) REFERENCES idunivoci(codicefiscale));

INSERT INTO centrivaccinali VALUES('vaccination center', 'AZIENDALE', 'VIA', 'Giuseppe Pecchio', '19', 'Milano', 'MI', 20131);
CREATE TABLE vaccinati_vaccination_center (nomecittadino varchar(50), cognomecittadino varchar(50), codicefiscale varchar(50), data DATE, vaccino varchar(20), idvaccinazione SMALLINT, PRIMARY KEY(codicefiscale), FOREIGN KEY(idvaccinazione) REFERENCES idunivoci(idvaccinazione), FOREIGN KEY(codicefiscale) REFERENCES idunivoci(codicefiscale));

INSERT INTO sintomi VALUES(0, 'Mal di testa', 'Dolori, giramenti di testa e cefalee costanti nella giornata');
INSERT INTO sintomi VALUES(1, 'Dolori intestinali', 'Forti dolori nella zona dell''addome e/o dell''intestino');
INSERT INTO sintomi VALUES(2, 'Forte spossatezza', 'Debolezza, fatica e sonnolenza durante tutta la giornata');
INSERT INTO sintomi VALUES(3, 'Mancamenti', 'Mancamenti avvenuti dopo la somministrazione del vaccino');
INSERT INTO sintomi VALUES(4, 'Nausea', 'Nausea forte e costante durante tutta la giornata, necessità di rimettere');

INSERT INTO idunivoci VALUES(3782, 'GLKMRL32F02F423Y', 'malpensa fiere');
INSERT INTO idunivoci VALUES(437, 'GTFTTPN56R34L642L', 'malpensa fiere');
INSERT INTO idunivoci VALUES(394, 'TLRFEF76E93L243N', 'lariofiere');
INSERT INTO idunivoci VALUES(2387, 'BNNTLP43F11N584P', 'asst sette laghi');
INSERT INTO idunivoci VALUES(821, 'MDRLPP52W31B903L', 'rancio valcuvia');
INSERT INTO idunivoci VALUES(1324, 'FNERNE21L49W039Y', 'rancio valcuvia');
INSERT INTO idunivoci VALUES(742, 'PLRNDS90L21N342P', 'rancio valcuvia');
INSERT INTO idunivoci VALUES(4521, 'POMMRE33N82G349M', 'vaccination center');
INSERT INTO idunivoci VALUES(643, 'HRDGNH23Y73C938U', 'vaccination center');
INSERT INTO idunivoci VALUES(8421, 'FEPWRH88K00O302J', 'vaccination center');

INSERT INTO utenti VALUES('ferna', 'f', 'DLSFNN99E02Z600X', 'fernando', 'edelstein');
INSERT INTO utenti VALUES('eli', 'e', 'MTDDFF39A05U192U', 'eliana', 'monteleone');
INSERT INTO utenti VALUES('elena', 'e', 'FNNTDO21E02P423L', 'elena', 'lago');
INSERT INTO utenti VALUES('giuly', 'g', 'FRMSPW43A01P223L', 'giulia', 'galparoli');

INSERT INTO utenti VALUES('matte', 'm', 'GLKMRL32F02F423Y', 'matteo', 'effimeri');
INSERT INTO utenti VALUES('roccodb', 'r', 'GTFTTPN56R34L642L', 'rocco', 'de bueno');
INSERT INTO utenti VALUES('michi', 'ml', 'TLRFEF76E93L243N', 'michela', 'liuzzo');
INSERT INTO utenti VALUES('marce', 'me', 'BNNTLP43F11N584P', 'marcelo', 'edelstein');
INSERT INTO utenti VALUES('thachab', 'chab', 'MDRLPP52W31B903L', 'martin', 'chab');
INSERT INTO utenti VALUES('elibie', 'eb', 'FNERNE21L49W039Y', 'elisa', 'bielli');
INSERT INTO utenti VALUES('serife', 'serfe', 'PLRNDS90L21N342P', 'serena', 'fedrigoni');
INSERT INTO utenti VALUES('eddie', 'ec', 'POMMRE33N82G349M', 'eduard', 'chiriac');
INSERT INTO utenti VALUES('phili', 'firthoffifth', 'HRDGNH23Y73C938U', 'phil', 'collins');
INSERT INTO utenti VALUES('violet', 'viola', 'FEPWRH88K00O302J', 'viola', 'mattioni');

INSERT INTO cittadinivaccinati VALUES('matte', 'matteo.e@gmail.com', 3782);
INSERT INTO cittadinivaccinati VALUES('roccodb', 'roccodb@gmail.com', 437);
INSERT INTO cittadinivaccinati VALUES('michi', 'michi-liu@icloud.com', 394);
INSERT INTO cittadinivaccinati VALUES('marce', 'marce.edelstein72@outlook.com', 2387);
INSERT INTO cittadinivaccinati VALUES('thachab', 'thachab@icloud.com', 821);
INSERT INTO cittadinivaccinati VALUES('elibie', 'elisabielli@virgilio.it', 1324);
INSERT INTO cittadinivaccinati VALUES('serife', 'seri.fedri@outlook.com', 742);
INSERT INTO cittadinivaccinati VALUES('eddie', 'theeduard@gmail.com', 4521);
INSERT INTO cittadinivaccinati VALUES('phili', 'philcollins@genesis.com', 643);
INSERT INTO cittadinivaccinati VALUES('violet', 'violamattioni99@gmail.com', 8421);

INSERT INTO vaccinati_malpensa_fiere VALUES('matteo', 'effimeri', 'GLKMRL32F02F423Y', '2021-04-22', 'PFIZER', 3782);
INSERT INTO vaccinati_malpensa_fiere VALUES('rocco', 'de bueno', 'GTFTTPN56R34L642L', '2021-03-21', 'MODERNA', 437);
INSERT INTO vaccinati_lariofiere VALUES('michela', 'liuzzo', 'TLRFEF76E93L243N', '2021-03-12', 'MODERNA', 394);
INSERT INTO vaccinati_asst_sette_laghi VALUES('marcelo', 'edelstein', 'BNNTLP43F11N584P', '2021-05-01', 'JOHNSONANDJOHNSON', 2387);
INSERT INTO vaccinati_rancio_valcuvia VALUES('martin', 'chab', 'MDRLPP52W31B903L', '2021-03-14', 'PFIZER', 821);
INSERT INTO vaccinati_rancio_valcuvia VALUES('elisa', 'bielli', 'FNERNE21L49W039Y', '2021-05-04', 'PFIZER', 1324);
INSERT INTO vaccinati_rancio_valcuvia VALUES('serena', 'fedrigoni', 'PLRNDS90L21N342P', '2021-03-05', 'ASTRAZENECA', 742);
INSERT INTO vaccinati_vaccination_center VALUES('eduard', 'chiriac', 'POMMRE33N82G349M', '2021-05-12', 'MODERNA', 4521);
INSERT INTO vaccinati_vaccination_center VALUES('phil', 'collins', 'HRDGNH23Y73C938U', '2021-04-03', 'JOHNSONANDJOHNSON', 643);
INSERT INTO vaccinati_vaccination_center VALUES('viola', 'mattioni', 'FEPWRH88K00O302J', '2021-03-15', 'ASTRAZENECA', 8421);

INSERT INTO segnalazioni VALUES(58472, 0, 'matte', 'malpensa fiere', 5, 'Non ho dormito');
INSERT INTO segnalazioni VALUES(69382, 0, 'roccodb', 'malpensa fiere', 2, 'Solo un po di dolore');
INSERT INTO segnalazioni VALUES(03928, 1, 'michi', 'lariofiere', 4, 'Forte male alla pancia, sono stata senza mangiare durante una giornata');
INSERT INTO segnalazioni VALUES(57294, 1, 'marce', 'asst sette laghi', 5, 'Mi faceva malissimo la pancia, non potevo muovermi');
INSERT INTO segnalazioni VALUES(91823, 2, 'thachab', 'rancio valcuvia', 2, 'Un po'' debole il giorno dopo');
INSERT INTO segnalazioni VALUES(13245, 4, 'elibie', 'rancio valcuvia', 2, 'Rimesso qualche ora dopo il vaccino');
INSERT INTO segnalazioni VALUES(28374, 2, 'serife', 'rancio valcuvia', 3, 'Sonnolenza dopo la vaccinazione durante tutta la giornata');
INSERT INTO segnalazioni VALUES(65748, 3, 'eddie', 'vaccination center', 4, 'Mancamento subito dopo aver fatto il vaccino');
INSERT INTO segnalazioni VALUES(78675, 1, 'phili', 'vaccination center', 3, 'Debolezza per tutta la giornata, dopo aver dormito mi sono rimesso');
INSERT INTO segnalazioni VALUES(37552, 0, 'violet', 'vaccination center', 4, 'Dolori fortissimi!');